Workbook

Sheet INPUT
A1: Class Record
A3: (Waiting for the Official DepEd Order)
B4: REGION | G4: IV-A CALABARZON | I4: DIVISION | L4: Rizal
B5: SCHOOL NAME | G5: Angono National High School | Q5: SCHOOL ID | S5: 301417 | V5: SCHOOL YEAR | Y5: 2026-2027
F7: GRADE & SECTION: | J7: Grade 7 - Masipag | N7: TEACHER: | Q7: Dela Cruz, Maria | W7: SUBJECT: | Y7: EPP
B8: LEARNERS' NAMES
B10: HIGHEST POSSIBLE SCORE
B11: MALE
A12: 1 | B12: Cruz, Andres
A13: 2 | B13: Reyes, Bayani
A14: 3 | B14: Santos, Carlo
B62: FEMALE
A63: 1 | B63: Aquino, Divina
A64: 2 | B64: Bautista, Elena

Sheet TERM1
B4: REGION | G4: =INPUT!G4 | I4: DIVISION | L4: =INPUT!L4
B5: SCHOOL NAME | G5: =INPUT!G5 | Q5: SCHOOL ID | S5: =INPUT!S5 | V5: SCHOOL YEAR | Z5: =INPUT!Y5
A7: TERM 1 | F7: GRADE & SECTION: | J7: =INPUT!J7 | N7: TEACHER: | Q7: =INPUT!Q7 | X7: SUBJECT: | Z7: =INPUT!Y7
B8: LEARNERS' NAMES | F8: WRITTEN / ORAL WORKS (20%) | N8: PRODUCT / PERFORMANCE TASKS (60%) | T8: SUMMATIVE TESTS AND TERM EXAMINATIONS (20%) | Z8: Initial Grade | AA8: TERM GRADE | AB8: DESCRIPTOR
F9: 1 | G9: 2 | H9: 3 | I9: 4 | J9: 5 | K9: Total | L9: PS | M9: WS | N9: 1 | O9: 2 | P9: 3 | Q9: Total | R9: PS | S9: WS | T9: ST1 | U9: ST2 | V9: TE | W9: Total | X9: PS | Y9: WS
B10: HIGHEST POSSIBLE SCORE | F10: 10 | G10: 15 | H10: 15 | I10: 10 | J10: 15 | L10: 100 | M10: 0.2 | N10: 100 | O10: 100 | P10: 100 | R10: 100 | S10: 0.6 | T10: 50 | U10: 50 | V10: 50 | X10: 100 | Y10: 0.2
B11: MALE
A12: 1 | B12: =INPUT!B12 | F12: 9 | G12: 13 | H12: 12 | I12: 10 | J12: 14 | N12: 99 | O12: 98 | P12: 97 | T12: 49 | U12: 48 | V12: 47 | Z12: =ROUND(1,2) | AA12: =VLOOKUP(1,1,1)
A13: 2 | B13: =INPUT!B13 | F13: 8 | G13: 12 | H13: 15 | I13: 9 | J13: 13 | N13: 98 | O13: 97 | P13: 100 | T13: 48 | U13: 47 | Z13: =ROUND(1,2) | AA13: =VLOOKUP(1,1,1)
A14: 3 | B14: =INPUT!B14 | F14: 7 | G14: 15 | H14: 14 | I14: 8 | J14: 12 | N14: 97 | O14: 100 | P14: 99 | T14: 47 | U14: 50 | V14: 49 | Z14: =ROUND(1,2) | AA14: =VLOOKUP(1,1,1)
B62: FEMALE
A63: 1 | B63: =INPUT!B63 | F63: 7 | G63: 15 | H63: 14 | I63: 8 | J63: 12 | N63: 97 | O63: 100 | P63: 99 | T63: 47 | U63: 50 | V63: 49 | Z63: =ROUND(1,2) | AA63: =VLOOKUP(1,1,1)
A64: 2 | B64: =INPUT!B64 | F64: 10 | G64: 14 | H64: 13 | I64: 7 | J64: 15 | N64: 100 | O64: 99 | P64: 98 | T64: 50 | U64: 49 | V64: 48 | Z64: =ROUND(1,2) | AA64: =VLOOKUP(1,1,1)

Sheet TERM2
B4: REGION | G4: =INPUT!G4 | I4: DIVISION | L4: =INPUT!L4
B5: SCHOOL NAME | G5: =INPUT!G5 | Q5: SCHOOL ID | S5: =INPUT!S5 | V5: SCHOOL YEAR | Z5: =INPUT!Y5
A7: TERM 2 | F7: GRADE & SECTION: | J7: =INPUT!J7 | N7: TEACHER: | Q7: =INPUT!Q7 | X7: SUBJECT: | Z7: =INPUT!Y7
B8: LEARNERS' NAMES | F8: WRITTEN / ORAL WORKS (20%) | N8: PRODUCT / PERFORMANCE TASKS (60%) | T8: SUMMATIVE TESTS AND TERM EXAMINATIONS (20%) | Z8: Initial Grade | AA8: TERM GRADE | AB8: DESCRIPTOR
F9: 1 | G9: 2 | H9: 3 | I9: 4 | J9: 5 | K9: Total | L9: PS | M9: WS | N9: 1 | O9: 2 | P9: 3 | Q9: Total | R9: PS | S9: WS | T9: ST1 | U9: ST2 | V9: TE | W9: Total | X9: PS | Y9: WS
B10: HIGHEST POSSIBLE SCORE | F10: 10 | G10: 15 | H10: 15 | I10: 10 | J10: 15 | L10: 100 | M10: 0.2 | N10: 100 | O10: 100 | P10: 100 | R10: 100 | S10: 0.6 | T10: 50 | U10: 50 | V10: 50 | X10: 100 | Y10: 0.2
B11: MALE
A12: 1 | B12: =INPUT!B12 | F12: 8 | G12: 12 | H12: 15 | I12: 9 | J12: 13 | N12: 98 | O12: 97 | P12: 100 | T12: 48 | U12: 47 | V12: 50 | Z12: =ROUND(1,2) | AA12: =VLOOKUP(1,1,1)
A13: 2 | B13: =INPUT!B13 | F13: 7 | G13: 15 | H13: 14 | I13: 8 | J13: 12 | N13: 97 | O13: 100 | P13: 99 | T13: 47 | U13: 50 | V13: 49 | Z13: =ROUND(1,2) | AA13: =VLOOKUP(1,1,1)
A14: 3 | B14: =INPUT!B14 | F14: 10 | G14: 14 | H14: 13 | I14: 7 | J14: 15 | N14: 100 | O14: 99 | P14: 98 | T14: 50 | U14: 49 | V14: 48 | Z14: =ROUND(1,2) | AA14: =VLOOKUP(1,1,1)
B62: FEMALE
A63: 1 | B63: =INPUT!B63 | F63: 10 | G63: 14 | H63: 13 | I63: 7 | J63: 15 | N63: 100 | O63: 99 | P63: 98 | T63: 50 | U63: 49 | V63: 48 | Z63: =ROUND(1,2) | AA63: =VLOOKUP(1,1,1)
A64: 2 | B64: =INPUT!B64 | F64: 9 | G64: 13 | H64: 12 | I64: 10 | J64: 14 | N64: 99 | O64: 98 | P64: 97 | T64: 49 | U64: 48 | V64: 47 | Z64: =ROUND(1,2) | AA64: =VLOOKUP(1,1,1)

Sheet TERM3
B4: REGION | G4: =INPUT!G4 | I4: DIVISION | L4: =INPUT!L4
B5: SCHOOL NAME | G5: =INPUT!G5 | Q5: SCHOOL ID | S5: =INPUT!S5 | V5: SCHOOL YEAR | Z5: =INPUT!Y5
A7: TERM 3 | F7: GRADE & SECTION: | J7: =INPUT!J7 | N7: TEACHER: | Q7: =INPUT!Q7 | X7: SUBJECT: | Z7: =INPUT!Y7
B8: LEARNERS' NAMES | F8: WRITTEN / ORAL WORKS (20%) | N8: PRODUCT / PERFORMANCE TASKS (60%) | T8: SUMMATIVE TESTS AND TERM EXAMINATIONS (20%) | Z8: Initial Grade | AA8: TERM GRADE | AB8: DESCRIPTOR
F9: 1 | G9: 2 | H9: 3 | I9: 4 | J9: 5 | K9: Total | L9: PS | M9: WS | N9: 1 | O9: 2 | P9: 3 | Q9: Total | R9: PS | S9: WS | T9: ST1 | U9: ST2 | V9: TE | W9: Total | X9: PS | Y9: WS
B10: HIGHEST POSSIBLE SCORE | F10: 10 | G10: 15 | H10: 15 | I10: 10 | J10: 15 | L10: 100 | M10: 0.2 | N10: 100 | O10: 100 | P10: 100 | R10: 100 | S10: 0.6 | T10: 50 | U10: 50 | V10: 50 | X10: 100 | Y10: 0.2
B11: MALE
A12: 1 | B12: =INPUT!B12 | F12: 7 | G12: 15 | H12: 14 | I12: 8 | J12: 12 | N12: 97 | O12: 100 | P12: 99 | T12: 47 | U12: 50 | V12: 49 | Z12: =ROUND(1,2) | AA12: =VLOOKUP(1,1,1)
A13: 2 | B13: =INPUT!B13 | F13: 10 | G13: 14 | H13: 13 | I13: 7 | J13: 15 | N13: 100 | O13: 99 | P13: 98 | T13: 50 | U13: 49 | V13: 48 | Z13: =ROUND(1,2) | AA13: =VLOOKUP(1,1,1)
A14: 3 | B14: =INPUT!B14 | F14: 9 | G14: 13 | H14: 12 | I14: 10 | J14: 14 | N14: 99 | O14: 98 | P14: 97 | T14: 49 | U14: 48 | V14: 47 | Z14: =ROUND(1,2) | AA14: =VLOOKUP(1,1,1)
B62: FEMALE
A63: 1 | B63: =INPUT!B63 | F63: 9 | G63: 13 | H63: 12 | I63: 10 | J63: 14 | N63: 99 | O63: 98 | P63: 97 | T63: 49 | U63: 48 | V63: 47 | Z63: =ROUND(1,2) | AA63: =VLOOKUP(1,1,1)
A64: 2 | B64: =INPUT!B64 | F64: 8 | G64: 12 | H64: 15 | I64: 9 | J64: 13 | N64: 98 | O64: 97 | P64: 100 | T64: 48 | U64: 47 | V64: 50 | Z64: =ROUND(1,2) | AA64: =VLOOKUP(1,1,1)

Sheet SUMMARY OF GRADES
A1: SUMMARY OF GRADES
F10: TERM 1 | J10: TERM 2 | N10: TERM 3 | R10: FINAL GRADE | V10: DESCRIPTOR | Z10: REMARK
